trader_id,orders_placed,cancel_count,fill_ratio_mean,top_counterparty_trade_share,shared_device_session_share,shared_fp_session_share,shared_withdraw_addr_share,api_order_share,self_trade_count,vpn_share,tor_share,cancel_to_order_ratio,shared_infra_score,fill_ratio_mean_inv,vpn_tor,account_fraud_score
tr_0001,114.0,32.0,0.43433028878604474,1.0,0.0,0.0,0.0,1.0,0.0,0.0,0.0,0.2807017543859649,0.0,0.5656697112139553,0.0,-0.3995486586117425
tr_0002,10.0,3.0,0.22082478306358716,1.0,0.0,0.0,0.0,1.0,0.0,0.0,0.0,0.3,0.0,0.7791752169364128,0.0,0.013144731021623016
tr_0003,10.0,1.0,0.2643536003245359,1.0,0.0,0.0,0.0,0.0,0.0,0.0,0.0,0.1,0.0,0.7356463996754641,0.0,-0.8324418536366784
tr_0004,19.0,6.0,0.2699057088256632,1.0,0.0,0.0,0.0,1.0,0.0,1.0,0.0,0.3157894736842105,0.0,0.7300942911743368,1.0,0.02277708985925795
tr_0005,6.0,0.0,0.1312777861889916,1.0,0.0,0.0,0.0,1.0,0.0,0.0,0.0,0.0,0.0,0.8687222138110084,0.0,-0.20232206626214302
tr_0006,49.0,13.0,0.3185450481469164,1.0,0.0,0.0,0.0,1.0,0.0,1.0,0.0,0.2653061224489796,0.0,0.6814549518530836,1.0,-0.1293628838809577
tr_0007,12.0,3.0,0.24612091511119746,1.0,0.0,0.0,0.0,1.0,0.0,1.0,0.0,0.25,0.0,0.7538790848888025,1.0,-0.01693069182819576
tr_0008,27.0,5.0,0.25865291165847315,1.0,0.0,0.0,0.0,1.0,0.0,1.0,0.0,0.18518518518518517,0.0,0.7413470883415268,1.0,-0.12146759137591673
tr_0009,10.0,1.0,0.21802121960474138,1.0,0.0,0.0,0.0,1.0,0.0,0.0,0.0,0.1,0.0,0.7819787803952586,0.0,-0.23398776464196852
tr_0010,25.0,8.0,0.211739351055577,1.0,0.0,0.0,0.0,1.0,0.0,1.0,0.0,0.32,0.0,0.788260648944423,1.0,0.13388876314943077
tr_0011,28.0,5.0,0.41180793984779535,1.0,0.0,0.0,0.0,1.0,0.0,0.0,0.0,0.17857142857142858,0.0,0.5881920601522046,0.0,-0.487384394882593
tr_0012,10.0,1.0,0.24832242152827935,1.0,0.0,0.0,0.0,1.0,0.0,1.0,0.0,0.1,0.0,0.7516775784717207,1.0,-0.21010913732302133
tr_0013,18.0,5.0,0.2419333677028152,1.0,0.0,0.0,0.0,1.0,0.0,1.0,0.0,0.2777777777777778,0.0,0.7580666322971847,1.0,0.025718461481406676
tr_0014,5.0,1.0,0.17288220823876377,1.0,0.0,0.0,0.0,0.0,0.0,1.0,0.0,0.2,0.0,0.8271177917612362,1.0,-0.46094931018438046
tr_0015,19.0,6.0,0.28778562557697557,1.0,0.0,0.0,0.0,1.0,0.0,0.0,0.0,0.3157894736842105,0.0,0.7122143744230245,0.0,-0.08874044149731022
tr_0016,24.0,7.0,0.31354175488062713,1.0,0.0,0.0,0.0,1.0,0.0,1.0,0.0,0.2916666666666667,0.0,0.6864582451193728,1.0,-0.08701729052682834
tr_0017,11.0,2.0,0.20004782711385627,1.0,0.0,0.0,0.0,1.0,0.0,0.0,0.0,0.18181818181818182,0.0,0.7999521728861437,0.0,-0.09810928514458576
tr_0018,18.0,1.0,0.35703615958838025,1.0,0.0,0.0,0.0,1.0,0.0,0.0,0.0,0.05555555555555555,0.0,0.6429638404116198,0.0,-0.5429001427021289
tr_0019,17.0,3.0,0.27623712862179245,1.0,0.0,0.0,0.0,1.0,0.0,1.0,0.0,0.17647058823529413,0.0,0.7237628713782076,1.0,-0.1644428534389076
tr_0020,51.0,17.0,0.2867811841162195,1.0,0.0,0.0,0.0,1.0,0.0,1.0,0.0,0.3333333333333333,0.0,0.7132188158837804,1.0,0.014207110330288167
tr_0021,21.0,4.0,0.31627322765069815,1.0,0.0,0.0,0.0,1.0,0.0,0.0,0.0,0.19047619047619047,0.0,0.6837267723493019,0.0,-0.2985979999886691
tr_0022,4.0,0.0,0.0934315071342402,1.0,0.0,0.0,0.0,1.0,0.0,1.0,0.0,0.0,0.0,0.9065684928657598,1.0,-0.05448677894602187
tr_0023,67.0,16.0,0.38776869513867707,1.0,1.0,1.0,1.0,1.0,0.0,1.0,1.0,0.23880597014925373,3.0,0.6122313048613229,2.0,1.4278201725654456
tr_0024,14.0,4.0,0.19580612017344057,1.0,0.0,0.0,0.0,0.0,0.0,0.0,0.0,0.2857142857142857,0.0,0.8041938798265594,0.0,-0.47354216066571275
tr_0025,13.0,3.0,0.23518478493599107,1.0,0.0,0.0,0.0,0.5,0.0,0.0,0.0,0.23076923076923078,0.0,0.764815215064009,0.0,-0.3573754098586571
tr_0026,38.0,13.0,0.27430558725781756,1.0,0.0,0.0,0.0,1.0,0.0,1.0,1.0,0.34210526315789475,0.0,0.7256944127421825,2.0,0.126957278217017
tr_0027,8.0,0.0,0.23312618514952319,1.0,0.0,0.0,0.0,1.0,0.0,0.0,0.0,0.0,0.0,0.7668738148504768,0.0,-0.3875789118560281
tr_0028,29.0,9.0,0.2512346929397167,1.0,0.0,0.0,0.0,1.0,0.0,0.0,0.0,0.3103448275862069,0.0,0.7487653070602833,0.0,-0.02912280079719488
tr_0029,11.0,3.0,0.17475883399193515,1.0,0.0,0.0,0.0,1.0,0.0,0.0,0.0,0.2727272727272727,0.0,0.8252411660080649,0.0,0.06254097682888261
tr_0030,19.0,4.0,0.3110540699585066,1.0,0.0,0.0,0.0,1.0,0.0,0.0,0.0,0.21052631578947367,0.0,0.6889459300414934,0.0,-0.26381820949800994
tr_0031,19.0,5.0,0.2356708442161659,1.0,0.0,0.0,0.0,1.0,0.0,0.0,0.0,0.2631578947368421,0.0,0.7643291557838341,0.0,-0.06032326307300895
tr_0032,14.0,9.0,0.12781497961640234,1.0,0.0,0.0,0.0,1.0,0.0,0.5,0.0,0.6428571428571429,0.0,0.8721850203835977,0.5,0.6542198582988772
tr_0033,7.0,4.0,0.08287480521620366,1.0,0.0,0.0,0.0,1.0,0.0,1.0,1.0,0.5714285714285714,0.0,0.9171251947837964,2.0,0.7643731528168574
tr_0034,13.0,6.0,0.16030990363029807,1.0,0.0,0.0,0.0,1.0,0.0,1.0,0.0,0.46153846153846156,0.0,0.8396900963697019,1.0,0.40593887200461853
tr_0035,15.0,3.0,0.18740874316840203,1.0,0.0,0.0,0.0,1.0,0.0,0.0,0.0,0.2,0.0,0.8125912568315979,0.0,-0.05218927612354475
tr_0036,13.0,4.0,0.19538970725024463,1.0,0.0,0.0,0.0,1.0,0.0,0.0,1.0,0.3076923076923077,0.0,0.8046102927497554,1.0,0.14810592861359018
tr_0037,25.0,5.0,0.38427765324930124,1.0,0.0,0.0,0.0,1.0,0.0,1.0,0.0,0.2,0.0,0.6157223467506987,1.0,-0.3312884914213836
tr_0038,6.0,1.0,0.21523334378652675,1.0,0.0,0.0,0.0,1.0,0.0,0.0,0.0,0.16666666666666666,0.0,0.7847666562134732,0.0,-0.14483942307012992
tr_0039,23.0,7.0,0.2212609735553695,1.0,0.0,0.0,0.0,1.0,0.0,0.0,0.0,0.30434782608695654,0.0,0.7787390264446306,0.0,0.01783462859201386
tr_0040,16.0,6.0,0.16211268226524206,1.0,0.0,0.0,0.0,1.0,0.0,0.0,0.0,0.375,0.0,0.8378873177347579,0.0,0.21452594494246566
tr_0041,10.0,2.0,0.1410066506707274,1.0,0.0,0.0,0.0,0.5,0.0,1.0,1.0,0.2,0.0,0.8589933493292726,2.0,-0.06688547843708843
tr_0042,21.0,7.0,0.1405338903968494,1.0,0.0,0.0,0.0,1.0,0.0,1.0,0.0,0.3333333333333333,0.0,0.8594661096031506,1.0,0.28022319489919856
tr_0043,12.0,6.0,0.17276623530152585,1.0,0.0,0.0,0.0,1.0,0.0,0.0,0.0,0.5,0.0,0.8272337646984742,0.0,0.3527927142254954
tr_0044,12.0,6.0,0.17513837468766363,1.0,0.0,0.0,0.0,1.0,0.0,1.0,1.0,0.5,0.0,0.8248616253123364,2.0,0.5064677370583663
tr_0045,9.0,3.0,0.23300157728843723,1.0,0.0,0.0,0.0,1.0,0.0,1.0,0.0,0.3333333333333333,0.0,0.7669984227115627,1.0,0.11202936791977848
tr_0046,20.0,4.0,0.2359483486510786,1.0,0.0,0.0,0.0,1.0,0.0,1.0,0.0,0.2,0.0,0.7640516513489214,1.0,-0.061485339290833496
tr_0047,10.0,1.0,0.1842216326505272,1.0,0.0,0.0,0.0,1.0,0.0,0.0,0.0,0.1,0.0,0.8157783673494727,0.0,-0.17250810540902917
tr_0048,47.0,13.0,0.3305396410850763,1.0,0.0,0.0,0.0,1.0,0.0,0.0,0.0,0.2765957446808511,0.0,0.6694603589149237,0.0,-0.21593730118513943
tr_0049,20.0,5.0,0.3376292453555803,1.0,0.0,0.0,0.0,1.0,0.0,0.0,0.0,0.25,0.0,0.6623707546444197,0.0,-0.26237440925170763
tr_0050,11.0,3.0,0.15189946538748406,1.0,0.0,0.0,0.0,1.0,0.0,1.0,0.0,0.2727272727272727,0.0,0.8481005346125159,1.0,0.18311586748136463
tr_0051,24.0,2.0,0.34157305094269697,1.0,0.0,0.0,0.0,1.0,2.0,1.0,0.0,0.08333333333333333,0.0,0.658426949057303,1.0,0.3699245905325971
tr_0052,16.0,5.0,0.15199350562832933,1.0,0.0,0.0,0.0,1.0,0.0,1.0,0.0,0.3125,0.0,0.8480064943716706,1.0,0.23310459178960566
tr_0053,14.0,4.0,0.22232207001928106,1.0,0.0,0.0,0.0,1.0,0.0,1.0,0.0,0.2857142857142857,0.0,0.7776779299807189,1.0,0.07139958120202651
tr_0054,11.0,2.0,0.20030877601130076,1.0,0.0,0.0,0.0,1.0,0.0,0.0,0.0,0.18181818181818182,0.0,0.7996912239886993,0.0,-0.09858393737373364
tr_0055,12.0,6.0,0.10976575393709713,1.0,0.0,0.0,0.0,1.0,0.0,0.0,0.0,0.5,0.0,0.8902342460629029,0.0,0.4673872544204105
tr_0056,13.0,4.0,0.21363090291396739,1.0,0.0,0.0,0.0,1.0,0.0,1.0,1.0,0.3076923076923077,0.0,0.7863690970860326,2.0,0.19392106883149482
tr_0057,78.0,13.0,0.43233476223337114,1.0,1.0,1.0,1.0,1.0,0.0,1.0,0.0,0.16666666666666666,3.0,0.5676652377666289,1.0,1.1767827320667956
tr_0058,24.0,5.0,0.3012928470123202,1.0,0.0,0.0,0.0,1.0,0.0,0.0,0.0,0.20833333333333334,0.0,0.6987071529876798,0.0,-0.24882876381726574
tr_0059,19.0,2.0,0.265309399612589,1.0,0.0,0.0,0.0,1.0,0.0,1.0,0.0,0.10526315789473684,0.0,0.734690600387411,1.0,-0.23436986614612668
tr_0060,15.0,3.0,0.28352456580905705,1.0,0.0,0.0,0.0,1.0,0.0,1.0,0.0,0.2,0.0,0.716475434190943,1.0,-0.1480239594943017
tr_0061,15.0,4.0,0.20643103668159501,1.0,0.0,0.0,0.0,1.0,0.0,1.0,0.0,0.26666666666666666,0.0,0.793568963318405,1.0,0.07628243151529455
tr_0062,11.0,4.0,0.0993128021276814,1.0,0.0,0.0,0.0,1.0,0.0,0.0,0.0,0.36363636363636365,0.0,0.9006871978723185,0.0,0.314424236832449
tr_0063,9.0,0.0,0.22278460912052117,1.0,0.0,0.0,0.0,0.0,0.0,1.0,0.0,0.0,0.0,0.7772153908794788,1.0,-0.8039511645946693
tr_0064,28.0,5.0,0.30883435065153164,1.0,0.0,0.0,0.0,1.0,0.0,0.0,0.0,0.17857142857142858,0.0,0.6911656493484684,0.0,-0.3000808878203667
tr_0065,37.0,7.0,0.3484986699089703,1.0,0.0,0.0,0.0,1.0,0.0,1.0,0.0,0.1891891891891892,0.0,0.6515013300910297,1.0,-0.27984257869519447
tr_0066,15.0,3.0,0.3346533350702623,1.0,0.0,0.0,0.0,1.0,0.0,0.0,0.0,0.2,0.0,0.6653466649297377,0.0,-0.3200193932868822
tr_0067,35.0,13.0,0.33896641650228077,1.0,0.0,0.0,0.0,1.0,0.0,1.0,1.0,0.37142857142857144,0.0,0.6610335834977192,2.0,0.046324040866461275
tr_0068,20.0,3.0,0.22467736954620315,1.0,0.0,0.0,0.0,1.0,0.0,1.0,0.0,0.15,0.0,0.7753226304537968,1.0,-0.10404203230544029
tr_0069,30.0,6.0,0.3710721966905733,1.0,0.0,0.0,0.0,1.0,0.0,1.0,0.0,0.2,0.0,0.6289278033094268,1.0,-0.30726846507177863
tr_0070,42.0,10.0,0.2876522311218729,1.0,0.0,0.0,0.0,1.0,0.0,1.0,0.0,0.23809523809523808,0.0,0.7123477688781271,1.0,-0.10748776813724617
tr_0071,14.0,3.0,0.2533153006184462,1.0,0.0,0.0,0.0,1.0,0.0,0.0,0.0,0.21428571428571427,0.0,0.7466846993815538,0.0,-0.15405324135112008
tr_0072,19.0,4.0,0.24957042337250412,1.0,0.0,0.0,0.0,0.5,0.0,1.0,0.0,0.21052631578947367,0.0,0.7504295766274959,1.0,-0.33007677277557723
tr_0073,12.0,5.0,0.17072742614705927,1.0,0.0,0.0,0.0,1.0,0.0,0.0,0.0,0.4166666666666667,0.0,0.8292725738529407,0.0,0.2514045213179389
tr_0074,11.0,3.0,0.27052398261041993,1.0,0.0,0.0,0.0,1.0,0.0,0.0,1.0,0.2727272727272727,0.0,0.72947601738958,1.0,-0.032655849061128506
tr_0075,8.0,3.0,0.11288451522212158,1.0,0.0,0.0,0.0,1.0,0.0,1.0,0.0,0.375,0.0,0.8871154847778784,1.0,0.38306428392310354
tr_0076,10.0,3.0,0.24523039577763608,1.0,0.0,0.0,0.0,1.0,0.0,1.0,0.0,0.3,0.0,0.7547696042223639,1.0,0.047747122985025134
tr_0077,24.0,8.0,0.27598016428163996,1.0,0.0,0.0,0.0,1.0,0.0,1.0,0.0,0.3333333333333333,0.0,0.72401983571836,1.0,0.03385359357571077
tr_0078,44.0,13.0,0.2682431818195167,1.0,0.0,0.0,0.0,1.0,0.0,1.0,1.0,0.29545454545454547,0.0,0.7317568181804833,2.0,0.07915044680784605
tr_0079,12.0,2.0,0.22924167731243583,1.0,0.0,0.0,0.0,1.0,0.0,1.0,0.0,0.16666666666666666,0.0,0.7707583226875642,1.0,-0.09132493072211438
tr_0080,9.0,5.0,0.16438619188937473,1.0,0.0,0.0,0.0,1.0,0.0,1.0,0.0,0.5555555555555556,0.0,0.8356138081106252,1.0,0.5170949314722749
tr_0081,13.0,3.0,0.2664973923587344,1.0,0.0,0.0,0.0,1.0,0.0,1.0,0.0,0.23076923076923078,0.0,0.7335026076412656,1.0,-0.07824750488616043
tr_0082,12.0,4.0,0.1867286481712716,1.0,0.0,0.0,0.0,1.0,0.0,0.0,0.0,0.3333333333333333,0.0,0.8132713518287285,0.0,0.11720246678186033
tr_0083,71.0,16.0,0.37638027943833036,1.0,0.0,0.0,0.0,1.0,2.0,0.0,0.0,0.22535211267605634,0.0,0.6236197205616696,0.0,0.40672559975584266
tr_0084,10.0,3.0,0.17332251814564692,1.0,0.0,0.0,0.0,1.0,0.0,0.0,1.0,0.3,0.0,0.8266774818543531,1.0,0.17854374541024084
tr_0085,18.0,7.0,0.24148999850511718,1.0,0.0,0.0,0.0,1.0,0.0,1.0,1.0,0.3888888888888889,0.0,0.7585100014948828,2.0,0.2456487410664731
tr_0086,22.0,10.0,0.2304780706606291,1.0,0.0,0.0,0.0,1.0,0.0,0.0,0.0,0.45454545454545453,0.0,0.7695219293393709,0.0,0.19049247994538246
tr_0087,27.0,7.0,0.32632193051855946,1.0,0.0,0.0,0.0,1.0,0.0,1.0,0.0,0.25925925925925924,0.0,0.6736780694814406,1.0,-0.15113468404909203
tr_0088,9.0,4.0,0.177334145869082,1.0,0.0,0.0,0.0,1.0,0.0,0.0,0.0,0.4444444444444444,0.0,0.822665854130918,0.0,0.27441947419350676
tr_0089,20.0,6.0,0.23404921668792764,1.0,0.0,0.0,0.0,1.0,0.0,0.0,0.0,0.3,0.0,0.7659507833120723,0.0,-0.010909813605636295
tr_0090,123.0,32.0,0.39979576010940515,1.0,0.0,0.0,0.0,1.0,0.0,0.0,0.0,0.2601626016260163,0.0,0.6002042398905949,0.0,-0.3626353401855147
tr_0091,67.0,13.0,0.38008976427785657,1.0,0.0,0.0,0.0,1.0,0.0,0.0,0.0,0.19402985074626866,0.0,0.6199102357221434,0.0,-0.4101951667979653
tr_0092,14.0,6.0,0.18073349088783208,1.0,0.0,0.0,0.0,1.0,0.0,1.0,0.0,0.42857142857142855,0.0,0.8192665091121679,1.0,0.3272127399557121
tr_0093,8.0,1.0,0.1931370102345712,1.0,0.0,0.0,0.0,1.0,0.0,0.0,0.0,0.125,0.0,0.8068629897654288,0.0,-0.15719570158553742
tr_0094,7.0,3.0,0.1225701423729005,1.0,0.0,0.0,0.0,1.0,0.0,1.0,0.5,0.42857142857142855,0.0,0.8774298576270995,1.5,0.4725062462848835
tr_0095,14.0,5.0,0.2367698200956419,1.0,0.0,0.0,0.0,1.0,0.0,1.0,0.0,0.35714285714285715,0.0,0.7632301799043582,1.0,0.13520275627383532
tr_0096,13.0,5.0,0.1434724564155844,1.0,0.0,0.0,0.0,1.0,0.0,1.0,0.0,0.38461538461538464,0.0,0.8565275435844156,1.0,0.3395529781600287
tr_0097,31.0,8.0,0.31316916913980275,1.0,0.0,0.0,0.0,1.0,0.0,1.0,0.0,0.25806451612903225,0.0,0.6868308308601973,1.0,-0.12871726986239204
tr_0098,11.0,0.0,0.20045394784533774,1.0,0.0,0.0,0.0,1.0,0.0,1.0,0.0,0.0,0.0,0.7995460521546622,1.0,-0.24915493255715274
tr_0099,14.0,3.0,0.2232454360222858,1.0,0.0,0.0,0.0,1.0,0.0,0.0,0.0,0.21428571428571427,0.0,0.7767545639777143,0.0,-0.09935774962641788
tr_0100,13.0,3.0,0.2527761976231518,1.0,0.0,0.0,0.0,1.0,0.0,0.0,0.0,0.23076923076923078,0.0,0.7472238023768483,0.0,-0.132284287491916
tr_0101,13.0,4.0,0.21265643657576952,1.0,0.0,0.0,0.0,1.0,0.0,0.0,0.0,0.3076923076923077,0.0,0.7873435634242305,0.0,0.03770375272081512
tr_0102,12.0,6.0,0.20484979052812277,1.0,0.0,0.0,0.0,1.0,0.0,0.0,0.0,0.5,0.0,0.7951502094718772,0.0,0.29443442585397306
tr_0103,15.0,4.0,0.24570574227535735,1.0,0.0,0.0,0.0,1.0,0.0,1.0,0.0,0.26666666666666666,0.0,0.7542942577246426,1.0,0.004843821343832905
tr_0104,22.0,6.0,0.28230118006300836,1.0,0.0,0.0,0.0,1.0,2.0,1.0,0.0,0.2727272727272727,0.0,0.7176988199369916,1.0,0.7165930738846675
tr_0105,11.0,1.0,0.20444075890710164,1.0,0.0,0.0,0.0,1.0,0.0,1.0,0.0,0.09090909090909091,0.0,0.7955592410928983,1.0,-0.1417558084576875
tr_0106,11.0,1.0,0.19150754514296328,1.0,0.0,0.0,0.0,0.0,0.0,0.0,0.0,0.09090909090909091,0.0,0.8084924548570367,0.0,-0.7114038281531765
tr_0107,22.0,4.0,0.2633376354419523,1.0,0.0,0.0,0.0,1.0,0.0,1.0,0.0,0.18181818181818182,0.0,0.7366623645580477,1.0,-0.13423518637414286
tr_0108,29.0,7.0,0.2579392824989704,1.0,0.0,0.0,0.0,1.0,0.0,1.0,0.0,0.2413793103448276,0.0,0.7420607175010296,1.0,-0.049299746634622124
tr_0109,23.0,5.0,0.320866389157622,1.0,0.0,0.0,0.0,1.0,0.0,1.0,0.0,0.21739130434782608,0.0,0.679133610842378,1.0,-0.19401353926589057
tr_0110,15.0,2.0,0.2189397646315553,1.0,0.0,0.0,0.0,1.0,0.0,1.0,0.0,0.13333333333333333,0.0,0.7810602353684447,1.0,-0.11462496849315751
tr_0111,84.0,23.0,0.3908252567557669,1.0,1.0,1.0,1.0,1.0,0.0,1.0,1.0,0.27380952380952384,3.0,0.6091747432442332,2.0,1.4664055356451653
tr_0112,13.0,4.0,0.21619351736424183,1.0,0.0,0.0,0.0,1.0,0.0,0.0,0.0,0.3076923076923077,0.0,0.7838064826357581,0.0,0.03126999002870788
tr_0113,23.0,11.0,0.20413567146498737,1.0,0.0,0.0,0.0,1.0,0.0,0.0,0.0,0.4782608695652174,0.0,0.7958643285350127,0.0,0.26831684571302317
tr_0114,16.0,8.0,0.18626290774840779,1.0,0.0,0.0,0.0,1.0,0.0,1.0,0.0,0.5,0.0,0.8137370922515922,1.0,0.407237890987612
tr_0115,16.0,6.0,0.21311169892117335,1.0,0.0,0.0,0.0,1.0,0.0,0.0,0.0,0.375,0.0,0.7868883010788267,0.0,0.12176143366400091
tr_0116,10.0,1.0,0.22605738751214735,1.0,0.0,0.0,0.0,1.0,0.0,0.0,0.0,0.1,0.0,0.7739426124878527,0.0,-0.2486051286102107
tr_0117,11.0,3.0,0.17256258659612506,1.0,0.0,0.0,0.0,1.0,0.0,0.0,0.0,0.2727272727272727,0.0,0.8274374134038749,0.0,0.066535834566894
tr_0118,51.0,13.0,0.27768811268658494,1.0,0.0,0.0,0.0,1.0,0.0,0.5,0.0,0.2549019607843137,0.0,0.7223118873134151,0.5,-0.10766505008911222
tr_0119,11.0,1.0,0.22163544874535862,1.0,0.0,0.0,0.0,1.0,0.0,1.0,0.0,0.09090909090909091,0.0,0.7783645512546413,1.0,-0.1730320389425196
tr_0120,12.0,3.0,0.17091031144416985,1.0,0.0,0.0,0.0,1.0,0.0,1.0,0.0,0.25,0.0,0.8290896885558301,1.0,0.11987341439997228
tr_0121,14.0,4.0,0.303174474040091,1.0,0.0,0.0,0.0,1.0,0.0,1.0,0.0,0.2857142857142857,0.0,0.696825525959909,1.0,-0.07566666117829858
tr_0122,12.0,1.0,0.2819860209502811,1.0,0.0,0.0,0.0,0.0,0.0,0.0,0.0,0.08333333333333333,0.0,0.7180139790497189,0.0,-0.8855336290133113
tr_0123,19.0,7.0,0.16777784694432862,1.0,0.0,0.0,0.0,0.5,0.0,1.0,0.0,0.3684210526315789,0.0,0.8322221530556714,1.0,0.017830142781289405
tr_0124,29.0,4.0,0.3848776329231595,1.0,0.0,0.0,0.0,1.0,0.0,0.0,0.0,0.13793103448275862,0.0,0.6151223670768404,0.0,-0.4896536376819023
tr_0125,12.0,3.0,0.2568187871256757,1.0,0.0,0.0,0.0,1.0,0.0,0.0,0.0,0.25,0.0,0.7431812128743243,0.0,-0.11538446404432186
tr_0126,14.0,3.0,0.2958439861214163,1.0,0.0,0.0,0.0,1.0,0.0,1.0,1.0,0.21428571428571427,0.0,0.7041560138785836,2.0,-0.07342084991427737
tr_0127,6.0,2.0,0.13523713218980493,1.0,0.0,0.0,0.0,1.0,0.0,1.0,1.0,0.3333333333333333,0.0,0.8647628678101951,2.0,0.36885262704841293
tr_0128,17.0,2.0,0.2959443318729332,1.0,0.0,0.0,0.0,1.0,0.0,1.0,1.0,0.11764705882352941,0.0,0.7040556681270669,2.0,-0.19548019433990366
tr_0129,11.0,6.0,0.16401482946115112,1.0,0.0,0.0,0.0,1.0,0.0,1.0,0.0,0.5454545454545454,0.0,0.8359851705388489,1.0,0.5050314286962442
tr_0130,40.0,9.0,0.3817355350678776,1.0,0.0,0.0,0.0,1.0,0.0,1.0,0.0,0.225,0.0,0.6182644649321224,1.0,-0.29513550938970246
tr_0131,31.0,5.0,0.2857437700162295,1.0,0.0,0.0,0.0,1.0,0.0,1.0,0.0,0.16129032258064516,0.0,0.7142562299837705,1.0,-0.20087967687628494
tr_0132,22.0,7.0,0.27085839291528857,1.0,0.0,0.0,0.0,1.0,0.0,0.0,1.0,0.3181818181818182,0.0,0.7291416070847114,1.0,0.024061337473262473
tr_0133,11.0,3.0,0.22680123605717595,1.0,0.0,0.0,0.0,1.0,0.0,1.0,0.0,0.2727272727272727,0.0,0.773198763942824,1.0,0.04687351212493973
tr_0134,12.0,2.0,0.18758774401392264,1.0,0.0,0.0,0.0,1.0,0.0,0.0,0.0,0.16666666666666666,0.0,0.8124122559860774,0.0,-0.0945535407126824
tr_0135,22.0,5.0,0.2718201035936787,1.0,0.0,0.0,0.0,1.0,0.0,0.0,0.0,0.22727272727272727,0.0,0.7281798964063213,0.0,-0.1713337950786747
tr_0136,13.0,4.0,0.25279003803101824,1.0,0.0,0.0,0.0,1.0,0.0,0.0,0.0,0.3076923076923077,0.0,0.7472099619689818,0.0,-0.035297143550541574
tr_0137,18.0,5.0,0.20443024343201538,1.0,0.0,0.0,0.0,1.0,0.0,0.0,0.0,0.2777777777777778,0.0,0.7955697565679847,0.0,0.014939749623898449
tr_0138,5.0,2.0,0.07619082331644768,1.0,0.0,0.0,0.0,1.0,0.0,0.0,0.0,0.4,0.0,0.9238091766835523,0.0,0.40234226109278004
tr_0139,13.0,7.0,0.10519623134682878,1.0,0.0,0.0,0.0,1.0,0.0,0.0,0.0,0.5384615384615384,0.0,0.8948037686531712,0.0,0.5242051335451374
tr_0140,12.0,2.0,0.3052948658883957,1.0,0.0,0.0,0.0,1.0,0.0,0.0,0.0,0.16666666666666666,0.0,0.6947051341116043,0.0,-0.30865656368558314
tr_0141,11.0,5.0,0.2091025383026432,1.0,0.0,0.0,0.0,1.0,0.0,1.0,1.0,0.45454545454545453,0.0,0.7908974616973568,2.0,0.3873632604181967
tr_0142,18.0,4.0,0.328912359672654,1.0,0.0,0.0,0.0,1.0,0.0,1.0,0.0,0.2222222222222222,0.0,0.671087640327346,1.0,-0.2025561725674295
tr_0143,32.0,11.0,0.21706873055799059,1.0,0.0,0.0,0.0,1.0,0.0,1.0,0.0,0.34375,0.0,0.7829312694420094,1.0,0.15414745744918096
tr_0144,13.0,3.0,0.33230758492385515,1.0,0.0,0.0,0.0,1.0,0.0,0.0,0.0,0.23076923076923078,0.0,0.6676924150761449,0.0,-0.2769476703963788
tr_0145,10.0,2.0,0.2191823561903259,1.0,0.0,0.0,0.0,1.0,0.0,0.0,0.0,0.2,0.0,0.7808176438096741,0.0,-0.10998379603390142
tr_0146,18.0,3.0,0.2210752687904301,1.0,0.0,0.0,0.0,1.0,0.0,0.5,0.0,0.16666666666666666,0.0,0.77892473120957,0.5,-0.11596812066846592
tr_0147,20.0,8.0,0.23049097455417453,1.0,0.0,0.0,0.0,1.0,0.0,1.0,0.0,0.4,0.0,0.7695090254458254,1.0,0.20067336443145653
tr_0148,15.0,4.0,0.32192009909957275,1.0,0.0,0.0,0.0,1.0,0.0,0.0,0.0,0.26666666666666666,0.0,0.6780799009004272,0.0,-0.21278096813055242
tr_0149,17.0,5.0,0.2212016532403211,1.0,0.0,0.0,0.0,1.0,0.0,0.0,0.0,0.29411764705882354,0.0,0.7787983467596789,0.0,0.005040635029458548
tr_0150,13.0,3.0,0.22438599091074735,1.0,0.0,0.0,0.0,1.0,0.0,1.0,0.0,0.23076923076923078,0.0,0.7756140090892527,1.0,-0.0016490951378141383
tr_0151,13.0,5.0,0.1296419940045468,1.0,0.0,0.0,0.0,1.0,0.0,1.0,1.0,0.38461538461538464,0.0,0.8703580059954532,2.0,0.44370476646013046
tr_0152,17.0,4.0,0.2032835171410499,1.0,0.0,0.0,0.0,1.0,0.0,1.0,1.0,0.23529411764705882,0.0,0.7967164828589501,2.0,0.12143670381950472
tr_0153,10.0,5.0,0.09102930593919743,1.0,0.0,0.0,0.0,1.0,0.0,1.0,0.0,0.5,0.0,0.9089706940608026,1.0,0.5804627707675611
tr_0154,12.0,2.0,0.2230491999172361,1.0,0.0,0.0,0.0,1.0,0.0,1.0,0.0,0.16666666666666666,0.0,0.7769508000827638,1.0,-0.08006114218587342
tr_0155,23.0,6.0,0.304263090126031,1.0,0.0,0.0,0.0,1.0,0.0,0.0,1.0,0.2608695652173913,0.0,0.695736909873969,1.0,-0.1089799675296396
tr_0156,7.0,2.0,0.08731119900821518,1.0,0.0,0.0,0.0,1.0,0.0,0.0,0.0,0.2857142857142857,0.0,0.9126888009917848,0.0,0.23798229835499554
tr_0157,31.0,11.0,0.2806144254383047,1.0,0.0,0.0,0.0,1.0,0.0,1.0,0.0,0.3548387096774194,0.0,0.7193855745616953,1.0,0.05254584144778948
tr_0158,58.0,13.0,0.3345012713885897,1.0,0.0,0.0,0.0,1.0,0.0,1.0,0.0,0.22413793103448276,0.0,0.6654987286114102,1.0,-0.21030609148235194
tr_0159,18.0,5.0,0.22985268863250036,1.0,0.0,0.0,0.0,1.0,0.0,1.0,1.0,0.2777777777777778,0.0,0.7701473113674997,2.0,0.1266874865227495
tr_0160,20.0,4.0,0.26237379175066033,1.0,0.0,0.0,0.0,1.0,0.0,0.0,1.0,0.2,0.0,0.7376262082493397,1.0,-0.1095518212582752
tr_0161,7.0,3.0,0.09586166240841212,1.0,0.0,0.0,0.0,1.0,0.0,1.0,1.0,0.42857142857142855,0.0,0.9041383375915879,2.0,0.5605850120221724
tr_0162,18.0,5.0,0.29484764416141995,1.0,0.0,0.0,0.0,1.0,0.0,0.0,0.0,0.2777777777777778,0.0,0.70515235583858,0.0,-0.14952471537391543
tr_0163,17.0,6.0,0.2241118018261807,1.0,0.0,0.0,0.0,1.0,0.0,1.0,0.0,0.35294117647058826,0.0,0.7758881981738193,1.0,0.15292802914865095
tr_0164,12.0,5.0,0.14970553780390186,1.0,0.0,0.0,0.0,1.0,0.0,0.0,0.0,0.4166666666666667,0.0,0.8502944621960982,0.0,0.28964222326148525
tr_0165,13.0,2.0,0.19744687566384836,1.0,0.0,0.0,0.0,1.0,0.0,0.0,0.0,0.15384615384615385,0.0,0.8025531243361517,0.0,-0.1286554990346173
tr_0166,21.0,4.0,0.339749619883844,1.0,0.0,0.0,0.0,1.0,0.0,1.0,0.0,0.19047619047619047,0.0,0.660250380116156,1.0,-0.2623054051658188
tr_0167,19.0,5.0,0.2647608543598513,1.0,0.0,0.0,0.0,1.0,0.0,1.0,1.0,0.2631578947368421,0.0,0.7352391456401487,2.0,0.04475336736445017
tr_0168,9.0,1.0,0.28816262075734445,1.0,0.0,0.0,0.0,1.0,0.0,1.0,0.0,0.1111111111111111,0.0,0.7118373792426556,1.0,-0.26856345996911635
tr_0169,10.0,3.0,0.2857752545735684,1.0,0.0,0.0,0.0,1.0,0.0,0.0,1.0,0.3,0.0,0.7142247454264317,1.0,-0.026001828616017186
tr_0170,15.0,4.0,0.17743194286772163,1.0,0.0,0.0,0.0,1.0,0.0,0.0,0.0,0.26666666666666666,0.0,0.8225680571322784,0.0,0.050035338481808925
tr_0171,8.0,0.0,0.2926416843942617,1.0,0.0,0.0,0.0,1.0,0.0,0.0,0.0,0.0,0.0,0.7073583156057384,0.0,-0.49583445407911353
tr_0172,15.0,4.0,0.23189291863196335,1.0,0.0,0.0,0.0,1.0,0.0,1.0,1.0,0.26666666666666666,0.0,0.7681070813680366,2.0,0.10896352565943254
tr_0173,11.0,1.0,0.19752412155821691,1.0,0.0,0.0,0.0,1.0,0.0,1.0,0.0,0.09090909090909091,0.0,0.8024758784417831,1.0,-0.12917481130457756
tr_0174,36.0,13.0,0.24085256546099507,1.0,0.0,0.0,0.0,1.0,0.0,0.0,0.0,0.3611111111111111,0.0,0.7591474345390049,0.0,0.05378615296402674
tr_0175,8.0,0.0,0.29977824858757063,1.0,0.0,0.0,0.0,1.0,0.0,0.0,0.0,0.0,0.0,0.7002217514124294,0.0,-0.5088154865187401
tr_0176,16.0,4.0,0.1759646487157598,1.0,0.0,0.0,0.0,1.0,0.0,0.0,0.0,0.25,0.0,0.8240353512842402,0.0,0.03168493309796404
tr_0177,15.0,2.0,0.28652478662749975,1.0,0.0,0.0,0.0,1.0,0.0,1.0,0.0,0.13333333333333333,0.0,0.7134752133725002,1.0,-0.23755854537946672
tr_0178,17.0,4.0,0.2529675780590168,1.0,0.0,0.0,0.0,1.0,0.0,1.0,0.0,0.23529411764705882,0.0,0.7470324219409832,1.0,-0.04793088198328847
tr_0179,12.0,4.0,0.2646145583332267,1.0,0.0,0.0,0.0,1.0,0.0,0.0,0.0,0.3333333333333333,0.0,0.7353854416667733,0.0,-0.02446788032299711
tr_0180,19.0,4.0,0.3266530815841135,1.0,0.0,0.0,0.0,1.0,0.0,0.0,0.0,0.21052631578947367,0.0,0.6733469184158865,0.0,-0.2921919857933266
tr_0181,10.0,1.0,0.19806415840387104,1.0,0.0,0.0,0.0,1.0,0.0,1.0,0.0,0.1,0.0,0.801935841596129,1.0,-0.11869201750100594
tr_0182,32.0,5.0,0.3932031356318741,1.0,0.0,0.0,0.0,1.0,0.0,1.0,0.0,0.15625,0.0,0.6067968643681259,1.0,-0.40269922771773425
tr_0183,12.0,1.0,0.21348793319497936,1.0,0.0,0.0,0.0,1.0,0.0,1.0,0.0,0.08333333333333333,0.0,0.7865120668050206,1.0,-0.16776638303580652
tr_0184,61.0,8.0,0.4159008672664102,1.0,1.0,1.0,0.0,1.0,0.0,1.0,1.0,0.13114754098360656,2.0,0.5840991327335898,2.0,0.6950336432967582
tr_0185,14.0,4.0,0.1803602344726475,1.0,0.0,0.0,0.0,1.0,0.0,0.0,0.0,0.2857142857142857,0.0,0.8196397655273525,0.0,0.06873102909965516
tr_0186,13.0,0.0,0.41383534835920766,1.0,0.0,0.0,0.0,1.0,2.0,1.0,0.0,0.0,0.0,0.5861646516407923,1.0,0.13338661846348035
tr_0187,13.0,3.0,0.203812648025709,1.0,0.0,0.0,0.0,1.0,0.0,0.0,0.0,0.23076923076923078,0.0,0.796187351974291,0.0,-0.043222183029997904
tr_0188,59.0,11.0,0.42854480733224753,1.0,0.0,0.0,0.0,1.0,0.0,0.0,0.0,0.1864406779661017,0.0,0.5714551926677525,0.0,-0.5079034870299295
tr_0189,12.0,4.0,0.2482988916841309,1.0,0.0,0.0,0.0,0.0,0.0,0.0,0.0,0.3333333333333333,0.0,0.7517011083158691,0.0,-0.5089684879019171
tr_0190,26.0,9.0,0.25853722699832166,1.0,0.0,0.0,0.0,1.0,0.0,1.0,0.0,0.34615384615384615,0.0,0.7414627730016783,1.0,0.08175009283867597
tr_0191,8.0,4.0,0.1200806858751378,1.0,0.0,0.0,0.0,1.0,0.0,0.3333333333333333,0.0,0.5,0.0,0.8799193141248622,0.3333333333333333,0.4749565757889055
tr_0192,15.0,3.0,0.23687499666637624,1.0,0.0,0.0,0.0,1.0,0.0,0.0,1.0,0.2,0.0,0.7631250033336238,1.0,-0.06317086297153855
tr_0193,14.0,5.0,0.15017968093901127,1.0,0.0,0.0,0.0,1.0,0.0,1.0,0.0,0.35714285714285715,0.0,0.8498203190609888,1.0,0.2927056350958118
tr_0194,18.0,6.0,0.2571076092181282,1.0,0.0,0.0,0.0,1.0,0.0,1.0,0.0,0.3333333333333333,0.0,0.7428923907818719,1.0,0.06818177207479527
tr_0195,23.0,6.0,0.41061482004534045,1.0,0.0,0.0,0.0,1.0,2.0,1.0,0.0,0.2608695652173913,0.0,0.5893851799546596,1.0,0.4682428878773748
tr_0196,13.0,3.0,0.1706953121747407,1.0,0.0,0.0,0.0,1.0,0.0,1.0,1.0,0.23076923076923078,0.0,0.8293046878252592,2.0,0.17500631635537509
tr_0197,11.0,3.0,0.18422889819107455,1.0,0.0,0.0,0.0,1.0,0.0,1.0,0.0,0.2727272727272727,0.0,0.8157711018089254,1.0,0.12431034081468036
tr_0198,14.0,4.0,0.25278252194088374,1.0,0.0,0.0,0.0,1.0,0.0,1.0,0.0,0.2857142857142857,0.0,0.7472174780591163,1.0,0.015993631811039265
tr_0199,13.0,3.0,0.19725432412618868,1.0,0.0,0.0,0.0,1.0,0.0,1.0,1.0,0.23076923076923078,0.0,0.8027456758738113,2.0,0.1266968797178661
tr_0200,26.0,7.0,0.36726239506470476,1.0,0.0,0.0,0.0,1.0,0.0,1.0,0.0,0.2692307692307692,0.0,0.6327376049352953,1.0,-0.2130275505955049
tr_0201,30.0,11.0,0.31000736860599143,1.0,0.0,0.0,0.0,1.0,0.0,1.0,0.0,0.36666666666666664,0.0,0.6899926313940086,1.0,0.013998581925037973
tr_0202,13.0,4.0,0.21651110074877805,1.0,0.0,0.0,0.0,1.0,0.0,0.0,0.0,0.3076923076923077,0.0,0.7834888992512219,0.0,0.030692322665914942
tr_0203,18.0,5.0,0.27557256044085515,1.0,0.0,0.0,0.0,1.0,0.0,1.0,0.0,0.2777777777777778,0.0,0.7244274395591448,1.0,-0.035469449163992764
tr_0204,32.0,10.0,0.3930224001620307,1.0,0.0,0.0,0.0,1.0,0.0,0.0,1.0,0.3125,0.0,0.6069775998379693,1.0,-0.2053142066796602
tr_0205,111.0,38.0,0.34712248379262867,1.0,0.0,0.0,0.0,1.0,0.0,0.0,0.0,0.34234234234234234,0.0,0.6528775162073713,0.0,-0.16318362543692388
tr_0206,26.0,9.0,0.23926607256570687,1.0,0.0,0.0,0.0,1.0,0.0,1.0,0.0,0.34615384615384615,0.0,0.7607339274342931,1.0,0.1168033024872865
tr_0207,27.0,7.0,0.19217317090253316,1.0,0.0,0.0,0.0,1.0,0.0,1.0,0.0,0.25925925925925924,0.0,0.8078268290974668,1.0,0.09287480751324485
tr_0208,17.0,7.0,0.1637728756872274,1.0,0.0,0.0,0.0,0.5,0.0,1.0,0.0,0.4117647058823529,0.0,0.8362271243127726,1.0,0.07977826151936522
tr_0209,26.0,8.0,0.27911021452683693,1.0,0.0,0.0,0.0,1.0,0.0,1.0,0.0,0.3076923076923077,0.0,0.7208897854731631,1.0,-0.004177241744264454
tr_0210,10.0,3.0,0.12935361180076055,1.0,0.0,0.0,0.0,1.0,0.0,0.5,0.0,0.3,0.0,0.8706463881992395,0.5,0.21902340352769717
tr_0211,66.0,15.0,0.38920093550261753,1.0,0.0,0.0,0.0,1.0,0.0,1.0,0.0,0.22727272727272727,0.0,0.6107990644973824,1.0,-0.30584840448433803
tr_0212,26.0,5.0,0.2684269018451439,1.0,0.0,0.0,0.0,1.0,0.0,1.0,1.0,0.19230769230769232,0.0,0.731573098154856,2.0,-0.05126843054947165
tr_0213,15.0,6.0,0.16007195402830493,1.0,0.0,0.0,0.0,1.0,0.0,0.0,0.0,0.4,0.0,0.8399280459716951,0.0,0.2497669252099949
tr_0214,29.0,6.0,0.2579620360620224,1.0,0.0,0.0,0.0,1.0,0.0,1.0,0.0,0.20689655172413793,0.0,0.7420379639379776,1.0,-0.09282941505211216
tr_0215,26.0,6.0,0.28081157702389387,1.0,0.0,0.0,0.0,1.0,0.0,1.0,0.0,0.23076923076923078,0.0,0.7191884229761061,1.0,-0.10428424896245606
tr_0216,15.0,6.0,0.116624404987044,1.0,0.0,0.0,0.0,1.0,0.0,1.0,1.0,0.4,0.0,0.883375595012956,2.0,0.48678553548054326
tr_0217,16.0,7.0,0.09588865483967149,1.0,0.0,0.0,0.0,1.0,0.0,1.0,0.0,0.4375,0.0,0.9041113451603285,1.0,0.49280136326917523
tr_0218,13.0,5.0,0.33636352835622696,1.0,0.0,0.0,0.0,1.0,0.0,0.0,0.0,0.38461538461538464,0.0,0.663636471643773,0.0,-0.09030057894674699
tr_0219,14.0,7.0,0.17627201536500253,1.0,0.0,0.0,0.0,1.0,0.0,0.0,0.0,0.5,0.0,0.8237279846349974,0.0,0.3464158858950145
tr_0220,15.0,9.0,0.155000693098544,1.0,0.0,0.0,0.0,1.0,0.0,0.0,0.0,0.6,0.0,0.844999306901456,0.0,0.5112233095230722
tr_0221,15.0,1.0,0.2860741070781887,1.0,0.0,0.0,0.0,0.5,0.0,0.0,0.0,0.06666666666666667,0.0,0.7139258929218113,0.0,-0.6569000062999614
tr_0222,28.0,12.0,0.28631238279808385,1.0,0.0,0.0,0.0,1.0,0.0,0.0,0.0,0.42857142857142855,0.0,0.7136876172019162,0.0,0.05617541579358808
tr_0223,13.0,3.0,0.2576554409583231,1.0,0.0,0.0,0.0,1.0,0.0,1.0,0.0,0.23076923076923078,0.0,0.7423445590416768,1.0,-0.062164463404385265
tr_0224,16.0,4.0,0.19234442926703316,1.0,0.0,0.0,0.0,1.0,0.0,1.0,0.0,0.25,0.0,0.8076555707329669,1.0,0.08088588885732649
tr_0225,13.0,2.0,0.2173031218577601,1.0,0.0,0.0,0.0,1.0,0.0,0.0,0.0,0.15384615384615385,0.0,0.7826968781422399,0.0,-0.16477295962076927
tr_0226,16.0,3.0,0.2533264539445322,1.0,0.0,0.0,0.0,1.0,0.0,1.0,0.0,0.1875,0.0,0.7466735460554679,1.0,-0.10885969460114592
tr_0227,14.0,5.0,0.2347354161719199,1.0,0.0,0.0,0.0,1.0,0.0,0.0,0.0,0.35714285714285715,0.0,0.76526458382808,0.0,0.05990831990996885
tr_0228,17.0,3.0,0.29189733795893674,1.0,0.0,0.0,0.0,1.0,0.0,1.0,0.0,0.17647058823529413,0.0,0.7081026620410633,1.0,-0.19292794513154696
tr_0229,33.0,7.0,0.2829199975701737,1.0,0.0,0.0,0.0,1.0,0.0,1.0,0.0,0.21212121212121213,0.0,0.7170800024298263,1.0,-0.13163749222865642
tr_0230,10.0,2.0,0.23046787747547856,1.0,0.0,0.0,0.0,1.0,0.0,1.0,0.0,0.2,0.0,0.7695321225245214,1.0,-0.051516652372609884
tr_0231,16.0,6.0,0.21620318439081632,1.0,0.0,0.0,0.0,1.0,0.0,0.0,0.0,0.375,0.0,0.7837968156091837,0.0,0.11613818526588587
tr_0232,16.0,7.0,0.13165028411302393,1.0,0.0,0.0,0.0,1.0,0.0,1.0,0.0,0.4375,0.0,0.8683497158869761,1.0,0.42775285293327325
tr_0233,13.0,2.0,0.2808224281414289,1.0,0.0,0.0,0.0,1.0,0.0,0.0,0.0,0.15384615384615385,0.0,0.7191775718585711,0.0,-0.28031121487586086
tr_0234,7.0,3.0,0.12432909363078959,1.0,0.0,0.0,0.0,1.0,0.0,0.0,0.0,0.42857142857142855,0.0,0.8756709063692104,0.0,0.3508144429783352
tr_0235,13.0,5.0,0.3177035474549443,1.0,0.0,0.0,0.0,1.0,0.0,0.0,0.0,0.38461538461538464,0.0,0.6822964525450557,0.0,-0.05635906159453634
tr_0236,13.0,1.0,0.33109360258767756,1.0,0.0,0.0,0.0,1.0,0.0,1.0,0.0,0.07692307692307693,0.0,0.6689063974123224,1.0,-0.38976922922472457
tr_0237,19.0,4.0,0.27980631165862413,1.0,0.0,0.0,0.0,1.0,0.0,0.0,0.0,0.21052631578947367,0.0,0.7201936883413759,0.0,-0.20698019148694954
tr_0238,30.0,6.0,0.32718075879989633,1.0,0.0,0.0,0.0,1.0,0.0,1.0,0.0,0.2,0.0,0.6728192412001037,1.0,-0.22743226327387175
tr_0239,11.0,5.0,0.14040874585324783,1.0,0.0,0.0,0.0,1.0,0.0,0.0,0.0,0.45454545454545453,0.0,0.8595912541467522,0.0,0.3543238132690675
tr_0240,19.0,5.0,0.20400876393914508,1.0,0.0,0.0,0.0,1.0,0.0,1.0,0.0,0.2631578947368421,0.0,0.795991236060855,1.0,0.07626329407375655
tr_0241,21.0,5.0,0.29199649990347915,1.0,0.0,0.0,0.0,1.0,0.0,1.0,0.0,0.23809523809523808,0.0,0.7080035000965208,1.0,-0.11538976305426255
tr_0242,67.0,10.0,0.4453312835953551,1.0,0.0,0.0,0.0,1.0,0.0,0.0,0.0,0.14925373134328357,0.0,0.5546687164046449,0.0,-0.5853358936595032
tr_0243,6.0,1.0,0.1880530781090295,1.0,0.0,0.0,0.0,1.0,0.0,0.0,0.0,0.16666666666666666,0.0,0.8119469218909705,0.0,-0.09539995879570193
tr_0244,23.0,2.0,0.4432323437250795,1.0,0.0,0.0,0.0,1.0,0.0,1.0,0.0,0.08695652173913043,0.0,0.5567676562749204,1.0,-0.5810898817137822
tr_0245,11.0,5.0,0.1381455029032344,1.0,0.0,0.0,0.0,0.0,0.0,0.0,0.0,0.45454545454545453,0.0,0.8618544970967656,0.0,-0.15573740904715028
tr_0246,18.0,4.0,0.3306704116434317,1.0,0.0,0.0,0.0,1.0,0.0,1.0,0.0,0.2222222222222222,0.0,0.6693295883565683,1.0,-0.2057539760264962
tr_0247,15.0,4.0,0.2531759589988866,1.0,0.0,0.0,0.0,1.0,0.0,0.0,0.0,0.26666666666666666,0.0,0.7468240410011133,0.0,-0.08773901677840205
tr_0248,4.0,0.0,0.18853828125,1.0,0.0,0.0,0.0,0.0,0.0,0.0,0.0,0.0,0.0,0.81146171875,0.0,-0.8206538166811346
tr_0249,13.0,6.0,0.18996285105491972,1.0,0.0,0.0,0.0,1.0,0.0,1.0,0.0,0.46153846153846156,0.0,0.8100371489450803,1.0,0.35200173054228157
tr_0250,22.0,11.0,0.15706195071486234,1.0,0.0,0.0,0.0,0.25,0.0,1.0,0.0,0.5,0.0,0.8429380492851377,1.0,0.07471942979280473
tr_0251,16.0,6.0,0.18799286449665156,1.0,0.0,0.0,0.0,1.0,0.0,0.0,0.0,0.375,0.0,0.8120071355033485,0.0,0.16745126362672128
tr_0252,20.0,4.0,0.25564015115080774,1.0,0.0,0.0,0.0,1.0,0.0,1.0,0.0,0.2,0.0,0.7443598488491923,1.0,-0.09730368550333791
tr_0253,12.0,3.0,0.19296155723969213,1.0,0.0,0.0,0.0,1.0,0.0,1.0,1.0,0.25,0.0,0.8070384427603079,2.0,0.15875827514195445
tr_0254,23.0,7.0,0.26281574813449765,1.0,0.0,0.0,0.0,1.0,0.0,1.0,0.0,0.30434782608695654,0.0,0.7371842518655023,1.0,0.021243603043426307
tr_0255,15.0,5.0,0.27775402550908646,1.0,0.0,0.0,0.0,1.0,0.0,0.0,0.0,0.3333333333333333,0.0,0.7222459744909135,0.0,-0.04836787547881168
tr_0256,12.0,2.0,0.21091976846935548,1.0,0.0,0.0,0.0,1.0,0.0,1.0,1.0,0.16666666666666666,0.0,0.7890802315306445,2.0,0.020996560849185636
tr_0257,12.0,3.0,0.18114459394390572,1.0,0.0,0.0,0.0,1.0,0.0,1.0,0.0,0.25,0.0,0.8188554060560943,1.0,0.10125779636210326
tr_0258,19.0,6.0,0.17553186646826704,1.0,0.0,0.0,0.0,1.0,0.0,1.0,0.0,0.3157894736842105,0.0,0.824468133531733,1.0,0.1944381127142267
tr_0259,16.0,4.0,0.21944395682517537,1.0,0.0,0.0,0.0,1.0,0.0,0.0,0.0,0.25,0.0,0.7805560431748246,0.0,-0.04740162644703549
tr_0260,25.0,9.0,0.2889994966692614,1.0,0.0,0.0,0.0,1.0,0.0,0.0,0.0,0.36,0.0,0.7110005033307386,0.0,-0.03519185493278028
tr_0261,10.0,2.0,0.146769468482236,1.0,0.0,0.0,0.0,0.0,0.0,1.0,0.0,0.2,0.0,0.853230531517764,1.0,-0.4134516190426374
tr_0262,34.0,11.0,0.3380994064793037,1.0,0.0,0.0,0.0,1.0,0.0,1.0,1.0,0.3235294117647059,0.0,0.6619005935206963,2.0,-0.012507424990626015
tr_0263,26.0,8.0,0.24243473684174646,1.0,0.0,0.0,0.0,1.0,0.0,0.0,0.0,0.3076923076923077,0.0,0.7575652631582536,0.0,-0.016461398923446294
tr_0264,12.0,4.0,0.196716853026746,1.0,0.0,0.0,0.0,1.0,0.0,1.0,0.0,0.3333333333333333,0.0,0.803283146973254,1.0,0.1780293603454792
tr_0265,73.0,16.0,0.39937527920548954,1.0,1.0,1.0,1.0,1.0,2.0,1.0,1.0,0.2191780821917808,3.0,0.6006247207945105,2.0,2.1526255221883397
tr_0266,9.0,4.0,0.1448268376885878,1.0,0.0,0.0,0.0,1.0,0.0,1.0,0.0,0.4444444444444444,0.0,0.8551731623114122,1.0,0.41254345614815824
tr_0267,39.0,11.0,0.3470372842816473,1.0,0.0,0.0,0.0,1.0,0.0,1.0,0.0,0.28205128205128205,0.0,0.6529627157183526,1.0,-0.1600704250319113
tr_0268,19.0,8.0,0.19162876470176732,1.0,0.0,0.0,0.0,1.0,2.0,1.0,0.5,0.42105263157894735,0.0,0.8083712352982326,1.5,1.108080882894643
tr_0269,13.0,6.0,0.15444729992749381,1.0,0.0,0.0,0.0,1.0,0.0,0.0,0.0,0.46153846153846156,0.0,0.8455527000725062,0.0,0.33760772836419317
tr_0270,33.0,8.0,0.2955604832275016,1.0,0.0,0.0,0.0,1.0,0.0,0.0,0.0,0.24242424242424243,0.0,0.7044395167724984,0.0,-0.19540780169790792
tr_0271,32.0,7.0,0.33184268280439605,1.0,0.0,0.0,0.0,1.0,0.0,1.0,0.0,0.21875,0.0,0.6681573171956039,1.0,-0.2122653034894063
tr_0272,17.0,5.0,0.5040198296535839,1.0,0.0,0.0,0.0,1.0,0.0,0.0,0.0,0.29411764705882354,0.0,0.49598017034641606,0.0,-0.5093906547470229
tr_0273,36.0,9.0,0.3059450379167061,1.0,0.0,0.0,0.0,1.0,0.0,1.0,0.0,0.25,0.0,0.6940549620832939,1.0,-0.12574760396899978
tr_0274,10.0,0.0,0.3381196581196581,1.0,0.0,0.0,0.0,1.0,0.0,0.0,0.0,0.0,0.0,0.6618803418803418,0.0,-0.5785564805651013
tr_0275,25.0,6.0,0.2448389423492738,1.0,0.0,0.0,0.0,1.0,0.0,1.0,0.0,0.24,0.0,0.7551610576507262,1.0,-0.027210452703550686
tr_0276,17.0,2.0,0.30932816238091704,1.0,0.0,0.0,0.0,1.0,0.0,0.0,0.0,0.11764705882352941,0.0,0.690671837619083,0.0,-0.3778144922487464
tr_0277,21.0,9.0,0.23235073563491784,1.0,0.0,0.0,0.0,1.0,0.0,0.0,0.0,0.42857142857142855,0.0,0.7676492643650822,0.0,0.15432879511545936
tr_0278,12.0,5.0,0.1654876379154662,1.0,0.0,0.0,0.0,1.0,0.0,1.0,0.0,0.4166666666666667,0.0,0.8345123620845338,1.0,0.33993032809794366
tr_0279,8.0,3.0,0.12628552134601426,1.0,0.0,0.0,0.0,1.0,0.0,1.0,1.0,0.375,0.0,0.8737144786539858,2.0,0.4376834726619174
tr_0280,17.0,3.0,0.2595043610573648,1.0,0.0,0.0,0.0,1.0,0.0,0.0,0.0,0.17647058823529413,0.0,0.7404956389426351,0.0,-0.21300174450937986
tr_0281,12.0,3.0,0.20860593473058164,1.0,0.0,0.0,0.0,1.0,0.0,0.0,0.0,0.25,0.0,0.7913940652694184,0.0,-0.027687838049641682
tr_0282,46.0,11.0,0.32156433385606237,1.0,0.0,0.0,0.0,1.0,0.0,0.0,0.0,0.2391304347826087,0.0,0.6784356661439377,0.0,-0.24686144820643027
tr_0283,9.0,3.0,0.11644778021467836,1.0,0.0,0.0,0.0,1.0,0.0,0.0,0.0,0.3333333333333333,0.0,0.8835522197853216,0.0,0.24503964474559367
tr_0284,21.0,4.0,0.27303223714584385,1.0,0.0,0.0,0.0,1.0,0.0,1.0,0.0,0.19047619047619047,0.0,0.7269677628541562,1.0,-0.14095001815466382
tr_0285,13.0,0.0,0.28720264417986496,1.0,0.0,0.0,0.0,1.0,0.0,0.0,0.0,0.0,0.0,0.712797355820135,0.0,-0.4859411278858575
tr_0286,14.0,0.0,0.2919300144039021,1.0,0.0,0.0,0.0,0.0,0.0,1.0,1.0,0.0,0.0,0.7080699855960979,2.0,-0.8507280866755762
tr_0287,120.0,31.0,0.40105133953800853,1.0,0.0,0.0,0.0,1.0,2.0,0.0,0.0,0.25833333333333336,0.0,0.5989486604619915,0.0,0.40344484863770547
tr_0288,23.0,7.0,0.19969144249481233,1.0,0.0,0.0,0.0,1.0,0.0,0.0,0.0,0.30434782608695654,0.0,0.8003085575051877,0.0,0.05706846364490102
tr_0289,10.0,3.0,0.175669300375761,1.0,0.0,0.0,0.0,1.0,0.0,1.0,0.0,0.3,0.0,0.824330699624239,1.0,0.1742750727783304
tr_0290,35.0,4.0,0.36642211554606574,1.0,0.0,0.0,0.0,1.0,0.0,0.0,0.0,0.11428571428571428,0.0,0.6335778844539343,0.0,-0.4859045641234344
tr_0291,29.0,7.0,0.24809229196261154,1.0,0.0,0.0,0.0,1.0,0.0,0.0,0.0,0.2413793103448276,0.0,0.7519077080373885,0.0,-0.11038350156846426
tr_0292,425.0,109.0,0.48166538025152356,1.0,0.0,0.0,0.0,1.0,4.0,0.0,0.0,0.2564705882352941,0.0,0.5183346197484764,0.0,1.0251339782113158
tr_0293,54.0,12.0,0.43915388970727215,1.0,0.0,0.0,0.0,1.0,0.0,1.0,0.0,0.2222222222222222,0.0,0.5608461102927278,1.0,-0.4030796792312037
tr_0294,28.0,5.0,0.4169247697819931,1.0,0.0,0.0,0.0,1.0,0.0,1.0,0.0,0.17857142857142858,0.0,0.5830752302180069,1.0,-0.4176967282402475
tr_0295,26.0,7.0,0.360438904438149,1.0,0.0,0.0,0.0,1.0,0.0,0.0,0.0,0.2692307692307692,0.0,0.6395610955618509,0.0,-0.27961089179344334
tr_0296,19.0,4.0,0.27520964837427175,1.0,0.0,0.0,0.0,1.0,0.0,0.0,0.0,0.21052631578947367,0.0,0.7247903516257282,0.0,-0.19861910433185007
tr_0297,10.0,5.0,0.09741829716025223,1.0,0.0,0.0,0.0,1.0,0.0,0.0,0.0,0.5,0.0,0.9025817028397478,0.0,0.48984662459147776
tr_0298,24.0,10.0,0.23398923645836694,1.0,0.0,0.0,0.0,1.0,2.0,0.0,0.0,0.4166666666666667,0.0,0.7660107635416331,0.0,0.9070056592011065
tr_0299,14.0,5.0,0.2429928569118549,1.0,0.0,0.0,0.0,1.0,0.0,0.0,1.0,0.35714285714285715,0.0,0.7570071430881451,1.0,0.12388338176866513
tr_0300,21.0,5.0,0.26147756933175204,1.0,0.0,0.0,0.0,1.0,0.0,0.0,0.0,0.23809523809523808,0.0,0.738522430668248,0.0,-0.13887235348926624
tr_0301,8.0,2.0,0.13784211533019491,1.0,0.0,0.0,0.0,1.0,0.0,1.0,0.0,0.25,0.0,0.862157884669805,1.0,0.18002271241622245
tr_0302,58.0,19.0,0.2818464330640053,1.0,0.0,0.0,0.0,1.0,0.0,0.0,0.0,0.3275862068965517,0.0,0.7181535669359946,0.0,-0.0630597949738177
tr_0303,17.0,8.0,0.2227078908340128,1.0,0.0,0.0,0.0,1.0,0.0,1.0,0.0,0.47058823529411764,0.0,0.7772921091659872,1.0,0.30385345077993176
tr_0304,89.0,26.0,0.4277479370114891,1.0,1.0,1.0,1.0,1.0,0.0,1.0,0.0,0.29213483146067415,3.0,0.5722520629885108,1.0,1.343361373316622
tr_0305,18.0,4.0,0.29087076046538385,1.0,0.0,0.0,0.0,1.0,0.0,0.5,1.0,0.2222222222222222,0.0,0.7091292395346162,1.5,-0.09386306293190516
tr_0306,10.0,3.0,0.15881535871023406,1.0,0.0,0.0,0.0,1.0,0.0,0.0,0.0,0.3,0.0,0.8411846412897659,0.0,0.12593659098249035
tr_0307,11.0,2.0,0.1687642533511879,1.0,0.0,0.0,0.0,1.0,0.0,0.5,0.0,0.18181818181818182,0.0,0.8312357466488121,0.5,-0.0017086660056013746
tr_0308,29.0,8.0,0.22171630439355908,1.0,0.0,0.0,0.0,1.0,0.0,0.0,0.0,0.27586206896551724,0.0,0.778283695606441,0.0,-0.018918695701822405
tr_0309,11.0,2.0,0.248464410931483,1.0,0.0,0.0,0.0,1.0,0.0,0.0,0.0,0.18181818181818182,0.0,0.751535589068517,0.0,-0.18617648781078897
tr_0310,15.0,2.0,0.28381996590657743,1.0,0.0,0.0,0.0,1.0,0.0,1.0,0.0,0.13333333333333333,0.0,0.7161800340934226,1.0,-0.23263861968825153
tr_0311,27.0,10.0,0.3408205744773291,1.0,0.0,0.0,0.0,1.0,2.0,0.0,0.0,0.37037037037037035,0.0,0.6591794255226708,0.0,0.6542980674807543
tr_0312,17.0,4.0,0.3164945648417581,1.0,0.0,0.0,0.0,1.0,0.0,1.0,0.0,0.23529411764705882,0.0,0.6835054351582419,1.0,-0.16348310765956767
tr_0313,36.0,7.0,0.32057909786430927,1.0,0.0,0.0,0.0,1.0,0.0,0.0,0.0,0.19444444444444445,0.0,0.6794209021356907,0.0,-0.30142554619009954
tr_0314,14.0,4.0,0.3148631610691653,1.0,0.0,0.0,0.0,1.0,0.0,0.0,0.0,0.2857142857142857,0.0,0.6851368389308348,0.0,-0.17592267344968798
tr_0315,20.0,4.0,0.267319037836712,1.0,0.0,0.0,0.0,1.0,0.0,1.0,0.0,0.2,0.0,0.7326809621632879,1.0,-0.11854696207479873
tr_0316,45.0,12.0,0.4269782049261523,1.0,0.0,0.0,0.0,1.0,0.0,0.0,0.0,0.26666666666666666,0.0,0.5730217950738477,0.0,-0.4038761005836693
tr_0317,24.0,8.0,0.24301401812636636,1.0,0.0,0.0,0.0,1.0,0.0,1.0,0.0,0.3333333333333333,0.0,0.7569859818736336,1.0,0.09381726811986964
tr_0318,5.0,1.0,0.0778481639686891,1.0,0.0,0.0,0.0,1.0,0.0,1.0,0.0,0.2,0.0,0.9221518360313109,1.0,0.22609052641737745
tr_0319,15.0,5.0,0.2565220756827143,1.0,0.0,0.0,0.0,1.0,0.0,1.0,0.0,0.3333333333333333,0.0,0.7434779243172858,1.0,0.06924682657606683
tr_0320,28.0,9.0,0.2915050775582894,1.0,0.0,0.0,0.0,1.0,0.0,0.5,1.0,0.32142857142857145,0.0,0.7084949224417105,1.5,0.030098241691506114
tr_0321,28.0,8.0,0.2748648680013,1.0,0.0,0.0,0.0,1.0,0.0,1.0,0.0,0.2857142857142857,0.0,0.7251351319987,1.0,-0.024172986576850963
tr_0322,11.0,1.0,0.20635574235855328,1.0,0.0,0.0,0.0,1.0,0.0,1.0,0.0,0.09090909090909091,0.0,0.7936442576414467,1.0,-0.14523906197174505
tr_0323,9.0,4.0,0.13677282548712463,1.0,0.0,0.0,0.0,1.0,0.0,1.0,0.0,0.4444444444444444,0.0,0.8632271745128753,1.0,0.4271932779425679
tr_0324,14.0,6.0,0.12882062499763552,1.0,0.0,0.0,0.0,1.0,0.0,1.0,0.0,0.42857142857142855,0.0,0.8711793750023644,1.0,0.42163949460978445
tr_0325,22.0,3.0,0.24776044694587204,1.0,0.0,0.0,0.0,1.0,0.0,0.0,0.0,0.13636363636363635,0.0,0.7522395530541279,0.0,-0.24222147576502887
tr_0326,15.0,2.0,0.2905210977776436,1.0,0.0,0.0,0.0,1.0,0.0,0.0,0.0,0.13333333333333333,0.0,0.7094789022223564,0.0,-0.3238225331811795
tr_0327,12.0,4.0,0.16121204616762724,1.0,0.0,0.0,0.0,1.0,0.0,0.0,0.0,0.3333333333333333,0.0,0.8387879538323728,0.0,0.16361581491216937
tr_0328,13.0,2.0,0.19695284488179282,1.0,0.0,0.0,0.0,1.0,0.0,1.0,0.0,0.15384615384615385,0.0,0.8030471551182072,1.0,-0.04876197380275639
tr_0329,7.0,1.0,0.1644417868893951,1.0,0.0,0.0,0.0,1.0,0.0,1.0,0.0,0.14285714285714285,0.0,0.835558213110605,1.0,-0.0034849832348401305
tr_0330,12.0,4.0,0.2189725996378582,1.0,0.0,0.0,0.0,1.0,0.0,1.0,0.0,0.3333333333333333,0.0,0.7810274003621418,1.0,0.13754733553614273
tr_0331,16.0,5.0,0.18149413873503,1.0,0.0,0.0,0.0,0.5,0.0,0.0,0.0,0.3125,0.0,0.81850586126497,0.0,-0.15663937809710549
tr_0332,22.0,5.0,0.2372383547515362,1.0,0.0,0.0,0.0,1.0,0.0,1.0,0.0,0.22727272727272727,0.0,0.7627616452484638,1.0,-0.029436515386691217
tr_0333,174.0,43.0,0.5336107453938269,1.0,0.0,0.0,0.0,1.0,0.0,1.0,0.0,0.2471264367816092,0.0,0.4663892546061731,1.0,-0.5434834960713016
tr_0334,29.0,7.0,0.23460528508641781,1.0,0.0,0.0,0.0,1.0,0.0,1.0,0.0,0.2413793103448276,0.0,0.7653947149135822,1.0,-0.006856440702826996
tr_0335,14.0,4.0,0.3486520024803893,1.0,0.0,0.0,0.0,1.0,0.0,0.0,0.0,0.2857142857142857,0.0,0.6513479975196107,0.0,-0.23738278710882493
tr_0336,16.0,5.0,0.2687075738838617,1.0,0.0,0.0,0.0,1.0,0.0,0.0,1.0,0.3125,0.0,0.7312924261161383,1.0,0.020807880774753984
tr_0337,13.0,1.0,0.3701159736279079,1.0,0.0,0.0,0.0,1.0,0.0,0.0,0.0,0.07692307692307693,0.0,0.6298840263720922,0.0,-0.5397437655971072
tr_0338,12.0,3.0,0.22314668108838262,1.0,0.0,0.0,0.0,1.0,0.0,1.0,0.0,0.25,0.0,0.7768533189116174,1.0,0.024858223544462467
tr_0339,10.0,3.0,0.13604126199380512,1.0,0.0,0.0,0.0,1.0,0.0,0.0,0.0,0.3,0.0,0.8639587380061948,0.0,0.16736146719061462
tr_0340,40.0,13.0,0.3481186157136361,1.0,0.0,0.0,0.0,1.0,0.0,1.0,0.0,0.325,0.0,0.6518813842863639,1.0,-0.10787209826652444
tr_0341,12.0,4.0,0.2835505624968877,1.0,0.0,0.0,0.0,1.0,0.0,0.5,0.0,0.3333333333333333,0.0,0.7164494375031123,0.5,-0.019414014678816094
tr_0342,18.0,5.0,0.22963502585685952,1.0,0.0,0.0,0.0,1.0,0.0,1.0,0.0,0.2777777777777778,0.0,0.7703649741431404,1.0,0.04808849419345683
tr_0343,13.0,3.0,0.36877249871630424,1.0,0.0,0.0,0.0,1.0,0.0,1.0,0.0,0.23076923076923078,0.0,0.6312275012836958,1.0,-0.26428050864427444
tr_0344,56.0,13.0,0.38064342177653454,1.0,0.0,0.0,0.0,1.0,0.0,1.0,0.0,0.23214285714285715,0.0,0.6193565782234655,1.0,-0.28414072637604815
tr_0345,4.0,0.0,0.13645758804356467,1.0,0.0,0.0,0.0,1.0,0.0,0.0,0.0,0.0,0.0,0.8635424119564353,0.0,-0.2117438516036233
tr_0346,12.0,1.0,0.22646260240545957,1.0,0.0,0.0,0.0,1.0,0.0,0.0,0.0,0.08333333333333333,0.0,0.7735373975945404,0.0,-0.27036152881198017
tr_0347,13.0,8.0,0.08422800494957118,1.0,0.0,0.0,0.0,1.0,0.0,1.0,0.0,0.6153846153846154,0.0,0.9157719950504288,1.0,0.7383524555551877
tr_0348,25.0,7.0,0.23039540438886513,1.0,0.0,0.0,0.0,1.0,0.0,1.0,0.0,0.28,0.0,0.7696045956111348,1.0,0.04950798400198725
tr_0349,17.0,2.0,0.19256864816584107,1.0,0.0,0.0,0.0,1.0,0.0,1.0,0.0,0.11764705882352941,0.0,0.8074313518341589,1.0,-0.08644020804495271
tr_0350,17.0,5.0,0.3064516297948346,1.0,0.0,0.0,0.0,1.0,0.0,0.0,0.0,0.29411764705882354,0.0,0.6935483702051655,0.0,-0.15002455897091027
tr_0351,9.0,1.0,0.21467909597566634,1.0,0.0,0.0,0.0,0.0,0.0,0.0,0.0,0.1111111111111111,0.0,0.7853209040243336,0.0,-0.7280736696123822
tr_0352,14.0,6.0,0.15835087971148606,1.0,0.0,0.0,0.0,1.0,0.0,0.0,0.0,0.42857142857142855,0.0,0.8416491202885139,0.0,0.2889306152981158
tr_0353,7.0,3.0,0.1444239533664858,1.0,0.0,0.0,0.0,1.0,0.0,0.0,0.0,0.42857142857142855,0.0,0.8555760466335142,0.0,0.31426295699248985
tr_0354,14.0,1.0,0.29056788816764173,1.0,0.0,0.0,0.0,1.0,0.0,1.0,0.0,0.07142857142857142,0.0,0.7094321118323583,1.0,-0.3229845515806381
tr_0355,21.0,5.0,0.26118966707752156,1.0,0.0,0.0,0.0,1.0,0.0,0.0,1.0,0.23809523809523808,0.0,0.7388103329224784,1.0,-0.05935376513654653
tr_0356,13.0,4.0,0.17731170741014476,1.0,0.0,0.0,0.0,1.0,0.0,0.0,0.0,0.3076923076923077,0.0,0.8226882925898552,0.0,0.10199394383252078
tr_0357,19.0,5.0,0.3154012600171843,1.0,0.0,0.0,0.0,1.0,0.0,1.0,0.0,0.2631578947368421,0.0,0.6845987399828157,1.0,-0.12635375888790776
tr_0358,11.0,2.0,0.18410363313743236,1.0,0.0,0.0,0.0,1.0,0.0,0.0,0.0,0.18181818181818182,0.0,0.8158963668625676,0.0,-0.06910764042797163
tr_0359,16.0,3.0,0.26257896840832146,1.0,0.0,0.0,0.0,1.0,0.0,0.0,0.0,0.1875,0.0,0.7374210315916785,0.0,-0.20468443795350277
tr_0360,28.0,4.0,0.36720292421595946,1.0,0.0,0.0,0.0,1.0,0.0,1.0,0.0,0.14285714285714285,0.0,0.6327970757840405,1.0,-0.372296757337487
